en_page,es_page,en_canonical,es_canonical,en_hreflang_es,es_hreflang_en
tantra-massage-costa-rica/index.html,es/index.html,https://tantramassagecostarica.com/tantra-massage-costa-rica/,https://tantramassagecostarica.com/es/,https://tantramassagecostarica.com/es/,https://tantramassagecostarica.com/tantra-massage-costa-rica/
blog/index.html,es/blog/index.html,https://tantramassagecostarica.com/blog,https://tantramassagecostarica.com/es/blog/,https://tantramassagecostarica.com/es/blog/,https://tantramassagecostarica.com/blog
services/index.html,es/servicios/index.html,https://tantramassagecostarica.com/services,https://tantramassagecostarica.com/es/servicios/,https://tantramassagecostarica.com/es/servicios/,https://tantramassagecostarica.com/services
services/tantric-massage-costa-rica/index.html,es/servicios/masaje-tantrico-costa-rica/index.html,https://tantramassagecostarica.com/services/tantric-massage-costa-rica,https://tantramassagecostarica.com/es/servicios/masaje-tantrico-costa-rica/,https://tantramassagecostarica.com/es/servicios/masaje-tantrico-costa-rica/,https://tantramassagecostarica.com/services/tantric-massage-costa-rica
services/tantric-healing-therapy/index.html,es/servicios/terapia-sanacion-tantrica/index.html,https://tantramassagecostarica.com/services/tantric-healing-therapy,https://tantramassagecostarica.com/es/servicios/terapia-sanacion-tantrica/,https://tantramassagecostarica.com/es/servicios/terapia-sanacion-tantrica/,https://tantramassagecostarica.com/services/tantric-healing-therapy
services/tantric-massage-therapy/index.html,es/servicios/terapia-masaje-bienestar-personalizado/index.html,https://tantramassagecostarica.com/services/tantric-massage-therapy,https://tantramassagecostarica.com/es/servicios/terapia-masaje-bienestar-personalizado/,https://tantramassagecostarica.com/es/servicios/terapia-masaje-bienestar-personalizado/,https://tantramassagecostarica.com/services/tantric-massage-therapy
services/karsai-nei-tsang-massage/index.html,es/servicios/masaje-karsai-nei-tsang/index.html,https://tantramassagecostarica.com/services/karsai-nei-tsang-massage,https://tantramassagecostarica.com/es/servicios/masaje-karsai-nei-tsang/,https://tantramassagecostarica.com/es/servicios/masaje-karsai-nei-tsang/,https://tantramassagecostarica.com/services/karsai-nei-tsang-massage
services/tantra-retreat-costa-rica/index.html,es/servicios/retiro-bienestar-costa-rica/index.html,https://tantramassagecostarica.com/services/tantra-retreat-costa-rica,https://tantramassagecostarica.com/es/servicios/retiro-bienestar-costa-rica/,https://tantramassagecostarica.com/es/servicios/retiro-bienestar-costa-rica/,https://tantramassagecostarica.com/services/tantra-retreat-costa-rica
masseuses/index.html,es/masajistas/index.html,https://tantramassagecostarica.com/masseuses/,https://tantramassagecostarica.com/es/masajistas/,https://tantramassagecostarica.com/es/masajistas/,https://tantramassagecostarica.com/masseuses/
masseuses/valery-castillo/index.html,es/masajistas/valery-castillo/index.html,https://tantramassagecostarica.com/masseuses/valery-castillo/,https://tantramassagecostarica.com/es/masajistas/valery-castillo/,https://tantramassagecostarica.com/es/masajistas/valery-castillo/,https://tantramassagecostarica.com/masseuses/valery-castillo/
masseuses/rosario-rodriguez/index.html,es/masajistas/rosario-rodriguez/index.html,https://tantramassagecostarica.com/masseuses/rosario-rodriguez/,https://tantramassagecostarica.com/es/masajistas/rosario-rodriguez/,https://tantramassagecostarica.com/es/masajistas/rosario-rodriguez/,https://tantramassagecostarica.com/masseuses/rosario-rodriguez/
blog/what-is-tantra-massage-guide-visitors-costa-rica/index.html,es/blog/que-es-masaje-tantra-guia-visitantes-costa-rica/index.html,https://tantramassagecostarica.com/blog/what-is-tantra-massage-guide-visitors-costa-rica,https://tantramassagecostarica.com/es/blog/que-es-masaje-tantra-guia-visitantes-costa-rica/,https://tantramassagecostarica.com/es/blog/que-es-masaje-tantra-guia-visitantes-costa-rica/,https://tantramassagecostarica.com/blog/what-is-tantra-massage-guide-visitors-costa-rica
blog/best-wellness-experiences-costa-rica/index.html,es/blog/mejores-experiencias-bienestar-costa-rica/index.html,https://tantramassagecostarica.com/blog/best-wellness-experiences-costa-rica,https://tantramassagecostarica.com/es/blog/mejores-experiencias-bienestar-costa-rica/,https://tantramassagecostarica.com/es/blog/mejores-experiencias-bienestar-costa-rica/,https://tantramassagecostarica.com/blog/best-wellness-experiences-costa-rica
blog/tantric-healing-energy-massage-explained/index.html,es/blog/masaje-sanacion-energia-tantrica-explicado/index.html,https://tantramassagecostarica.com/blog/tantric-healing-energy-massage-explained,https://tantramassagecostarica.com/es/blog/masaje-sanacion-energia-tantrica-explicado/,https://tantramassagecostarica.com/es/blog/masaje-sanacion-energia-tantrica-explicado/,https://tantramassagecostarica.com/blog/tantric-healing-energy-massage-explained
blog/benefits-karsai-nei-tsang-health/index.html,es/blog/beneficios-karsai-nei-tsang-salud/index.html,https://tantramassagecostarica.com/blog/benefits-karsai-nei-tsang-health,https://tantramassagecostarica.com/es/blog/beneficios-karsai-nei-tsang-salud/,https://tantramassagecostarica.com/es/blog/beneficios-karsai-nei-tsang-salud/,https://tantramassagecostarica.com/blog/benefits-karsai-nei-tsang-health
masseuses/wellness-therapist/index.html,es/masajistas/terapeuta-wellness/index.html,https://tantramassagecostarica.com/masseuses/wellness-therapist/,https://tantramassagecostarica.com/es/masajistas/terapeuta-wellness/,https://tantramassagecostarica.com/es/masajistas/terapeuta-wellness/,https://tantramassagecostarica.com/masseuses/wellness-therapist/