en,es,en_title,es_title,en_h1,es_h1
index.html,es/index.html,Tantra Massage Costa Rica,Masaje en San José Costa Rica | Servicio en Habitación de Hotel,,Masaje Tantra Costa Rica
blog/index.html,es/blog/index.html,"Tantric Massage Costa Rica Blog | Luxury Wellness, Healing & Relaxation in San Jose","Blog de Masaje Tantra Costa Rica | Bienestar, Sanación y Relajación en San Jose","Blog Articles","Blog de Bienestar y Masaje Tantra"
services/index.html,es/servicios/index.html,"Services | Tantra Massage Costa Rica","Servicios de Masaje Tántrico y Bienestar en Costa Rica",Services,"Nuestros Servicios de Bienestar"
services/tantric-massage-costa-rica/index.html,es/servicios/masaje-tantrico-costa-rica/index.html,"Tantric Massage Therapy San Jose Costa Rica | Relaxation & Energy Balance","Masaje Tántrico San Jose Costa Rica | Sesión Privada en Habitación","Tantric Massage Costa Rica","Masaje Tántrico Costa Rica"
services/tantric-healing-therapy/index.html,es/servicios/terapia-sanacion-tantrica/index.html,"Tantric Healing Therapy | Integrative Mind-Body Session","Terapia de Sanación Tántrica | Sesión Integrativa Mente-Cuerpo","Tantric Healing Therapy","Terapia de Sanación Tántrica"
services/tantric-massage-therapy/index.html,es/servicios/terapia-masaje-bienestar-personalizado/index.html,"Tantric Massage San Jose Costa Rica | Private In-Room Wellness Service","Terapia de Masaje Tántrico San Jose Costa Rica | Servicio Privado de Bienestar","Tantric Massage Therapy","Terapia de Masaje Bienestar Personalizado"
services/karsai-nei-tsang-massage/index.html,es/servicios/masaje-karsai-nei-tsang/index.html,"Karsai Nei Tsang Massage | Abdominal Wellness","Masaje Karsai Nei Tsang | Bienestar Abdominal","Karsai Nei Tsang Massage","Masaje Karsai Nei Tsang"
services/tantra-retreat-costa-rica/index.html,es/servicios/retiro-bienestar-costa-rica/index.html,"Tantra Retreat Costa Rica | In-Hotel Wellness Immersion","Retiro Tantra Costa Rica | Inmersión de Bienestar en Hotel","Tantra Retreat Costa Rica","Retiro Tantra Costa Rica"
masseuses/index.html,es/masajistas/index.html,"Masseuses — Tantra Massage Costa Rica","Masajistas — Masaje Tantra Costa Rica","Masseuses","Nuestras Masajistas"
masseuses/valery-castillo/index.html,es/masajistas/valery-castillo/index.html,"Valery Castillo | Professional Massage Therapist in San José","Valery Castillo | Terapeuta de Masaje Profesional en San José",Biography,Biografía
masseuses/rosario-rodriguez/index.html,es/masajistas/rosario-rodriguez/index.html,"Rosario Rodriguez — Masseuse · Tantra Massage Costa Rica","Rosario Rodriguez | Masajista · Masaje Tantra Costa Rica",Biography,Biografía
blog/what-is-tantra-massage-guide-visitors-costa-rica/index.html,es/blog/que-es-masaje-tantra-guia-visitantes-costa-rica/index.html,"Tantra Massage in Costa Rica Explained | What to Expect & Key Benefits","¿Qué es el Masaje Tantra? Guía para Visitantes en Costa Rica","What Is Tantra Massage in Costa Rica? Benefits, Process & What to Expect","¿Qué es el Masaje Tantra en Costa Rica?"
blog/best-wellness-experiences-costa-rica/index.html,es/blog/mejores-experiencias-bienestar-costa-rica/index.html,"Best Wellness Experiences in Costa Rica","Mejores Experiencias de Bienestar en Costa Rica","Best Wellness Experiences in Costa Rica","Mejores Experiencias de Bienestar en Costa Rica"
blog/tantric-healing-energy-massage-explained/index.html,es/blog/masaje-sanacion-energia-tantrica-explicado/index.html,"Tantric Healing and Energy Massage Explained","Masaje de Sanación y Energía Tántrica Explicado","Tantric Healing and Energy Massage Explained","Masaje de Sanación y Energía Tántrica Explicado"
blog/benefits-karsai-nei-tsang-health/index.html,es/blog/beneficios-karsai-nei-tsang-salud/index.html,"Benefits of Karsai Nei Tsang for Men's Health","Beneficios de Karsai Nei Tsang para la Salud Masculina","Benefits of Karsai Nei Tsang for Men's Health","Beneficios de Karsai Nei Tsang para la Salud"
masseuses/wellness-therapist/index.html,es/masajistas/terapeuta-wellness/index.html,"Wellness Therapist | Tantra Massage Costa Rica","Terapeuta Wellness | Masaje Tantra Costa Rica",Biography,Biografía
